﻿"image name ('number of images in this post'_'post number'_'position of the image in this post'_'db name'_'whether image is bw'_'whether image is uploaded to instagram or before uploaded'_'whether image has been ""no modification"", ""resized"" or ""modified""'_'filter name'_'additional data')",instagram post link,number of images in that post (1 - 6),"format (jpg, jpeg, heic, heif)","Upload quality (original, resized)",account info,color or gray_scaled
6_01_1_com_cr_org_res_nfit,https://www.instagram.com/p/CCc7rInJaZm/?igshid=xn28krpksjt4,6,jpg,resized,islab_compressed_jpg,color
6_01_2_com_cr_org_res_nfit,https://www.instagram.com/p/CCc7rInJaZm/?igshid=xn28krpksjt4,6,jpg,resized,islab_compressed_jpg,color
6_01_3_com_cr_org_res_nfit,https://www.instagram.com/p/CCc7rInJaZm/?igshid=xn28krpksjt4,6,jpg,resized,islab_compressed_jpg,color
6_01_4_com_cr_org_res_nfit,https://www.instagram.com/p/CCc7rInJaZm/?igshid=xn28krpksjt4,6,jpg,resized,islab_compressed_jpg,color
6_01_5_com_cr_org_res_nfit,https://www.instagram.com/p/CCc7rInJaZm/?igshid=xn28krpksjt4,6,jpg,resized,islab_compressed_jpg,color
6_01_6_com_cr_org_res_nfit,https://www.instagram.com/p/CCc7rInJaZm/?igshid=xn28krpksjt4,6,jpg,resized,islab_compressed_jpg,color
6_02_1_com_cr_org_res_nfit,https://www.instagram.com/p/CCc78Y4JAvQ/?igshid=18rgd0kyw2oxj,6,jpg,resized,islab_compressed_jpg,color
6_02_2_com_cr_org_res_nfit,https://www.instagram.com/p/CCc78Y4JAvQ/?igshid=18rgd0kyw2oxj,6,jpg,resized,islab_compressed_jpg,color
6_02_3_com_cr_org_res_nfit,https://www.instagram.com/p/CCc78Y4JAvQ/?igshid=18rgd0kyw2oxj,6,jpg,resized,islab_compressed_jpg,color
6_02_4_com_cr_org_res_nfit,https://www.instagram.com/p/CCc78Y4JAvQ/?igshid=18rgd0kyw2oxj,6,jpg,resized,islab_compressed_jpg,color
6_02_5_com_cr_org_res_nfit,https://www.instagram.com/p/CCc78Y4JAvQ/?igshid=18rgd0kyw2oxj,6,jpg,resized,islab_compressed_jpg,color
6_02_6_com_cr_org_res_nfit,https://www.instagram.com/p/CCc78Y4JAvQ/?igshid=18rgd0kyw2oxj,6,jpg,resized,islab_compressed_jpg,color
6_03_1_com_cr_org_res_nfit,https://www.instagram.com/p/CCc8DdgJRnZ/?igshid=1pbuefm0zrnrl,6,jpg,resized,islab_compressed_jpg,color
6_03_2_com_cr_org_res_nfit,https://www.instagram.com/p/CCc8DdgJRnZ/?igshid=1pbuefm0zrnrl,6,jpg,resized,islab_compressed_jpg,color
6_03_3_com_cr_org_res_nfit,https://www.instagram.com/p/CCc8DdgJRnZ/?igshid=1pbuefm0zrnrl,6,jpg,resized,islab_compressed_jpg,color
6_03_4_com_cr_org_res_nfit,https://www.instagram.com/p/CCc8DdgJRnZ/?igshid=1pbuefm0zrnrl,6,jpg,resized,islab_compressed_jpg,color
6_03_5_com_cr_org_res_nfit,https://www.instagram.com/p/CCc8DdgJRnZ/?igshid=1pbuefm0zrnrl,6,jpg,resized,islab_compressed_jpg,color
6_03_6_com_cr_org_res_nfit,https://www.instagram.com/p/CCc8DdgJRnZ/?igshid=1pbuefm0zrnrl,6,jpg,resized,islab_compressed_jpg,color
6_04_1_com_cr_org_res_nfit,https://www.instagram.com/p/CCc8IJCJTOJ/?igshid=9ya38rv3faky,6,jpg,resized,islab_compressed_jpg,color
6_04_2_com_cr_org_res_nfit,https://www.instagram.com/p/CCc8IJCJTOJ/?igshid=9ya38rv3faky,6,jpg,resized,islab_compressed_jpg,color
6_04_3_com_cr_org_res_nfit,https://www.instagram.com/p/CCc8IJCJTOJ/?igshid=9ya38rv3faky,6,jpg,resized,islab_compressed_jpg,color
6_04_4_com_cr_org_res_nfit,https://www.instagram.com/p/CCc8IJCJTOJ/?igshid=9ya38rv3faky,6,jpg,resized,islab_compressed_jpg,color
6_04_5_com_cr_org_res_nfit,https://www.instagram.com/p/CCc8IJCJTOJ/?igshid=9ya38rv3faky,6,jpg,resized,islab_compressed_jpg,color
6_04_6_com_cr_org_res_nfit,https://www.instagram.com/p/CCc8IJCJTOJ/?igshid=9ya38rv3faky,6,jpg,resized,islab_compressed_jpg,color
6_05_1_com_cr_org_res_nfit,https://www.instagram.com/p/CCc8LZAJpYa/?igshid=mxkb8tnsjq1l,6,jpg,resized,islab_compressed_jpg,color
6_05_2_com_cr_org_res_nfit,https://www.instagram.com/p/CCc8LZAJpYa/?igshid=mxkb8tnsjq1l,6,jpg,resized,islab_compressed_jpg,color
6_05_3_com_cr_org_res_nfit,https://www.instagram.com/p/CCc8LZAJpYa/?igshid=mxkb8tnsjq1l,6,jpg,resized,islab_compressed_jpg,color
6_05_4_com_cr_org_res_nfit,https://www.instagram.com/p/CCc8LZAJpYa/?igshid=mxkb8tnsjq1l,6,jpg,resized,islab_compressed_jpg,color
6_05_5_com_cr_org_res_nfit,https://www.instagram.com/p/CCc8LZAJpYa/?igshid=mxkb8tnsjq1l,6,jpg,resized,islab_compressed_jpg,color
6_05_6_com_cr_org_res_nfit,https://www.instagram.com/p/CCc8LZAJpYa/?igshid=mxkb8tnsjq1l,6,jpg,resized,islab_compressed_jpg,color
6_06_1_com_cr_org_res_nfit,https://www.instagram.com/p/CCc8WFnpFEa/?igshid=vpwvmen0afno,6,jpg,resized,islab_compressed_jpg,color
6_06_2_com_cr_org_res_nfit,https://www.instagram.com/p/CCc8WFnpFEa/?igshid=vpwvmen0afno,6,jpg,resized,islab_compressed_jpg,color
6_06_3_com_cr_org_res_nfit,https://www.instagram.com/p/CCc8WFnpFEa/?igshid=vpwvmen0afno,6,jpg,resized,islab_compressed_jpg,color
6_06_4_com_cr_org_res_nfit,https://www.instagram.com/p/CCc8WFnpFEa/?igshid=vpwvmen0afno,6,jpg,resized,islab_compressed_jpg,color
6_06_5_com_cr_org_res_nfit,https://www.instagram.com/p/CCc8WFnpFEa/?igshid=vpwvmen0afno,6,jpg,resized,islab_compressed_jpg,color
6_06_6_com_cr_org_res_nfit,https://www.instagram.com/p/CCc8WFnpFEa/?igshid=vpwvmen0afno,6,jpg,resized,islab_compressed_jpg,color
6_07_1_com_cr_org_res_nfit,https://www.instagram.com/p/CCc8bIMpfpF/?igshid=117uxxmawf0fu,6,jpg,resized,islab_compressed_jpg,color
6_07_2_com_cr_org_res_nfit,https://www.instagram.com/p/CCc8bIMpfpF/?igshid=117uxxmawf0fu,6,jpg,resized,islab_compressed_jpg,color
6_07_3_com_cr_org_res_nfit,https://www.instagram.com/p/CCc8bIMpfpF/?igshid=117uxxmawf0fu,6,jpg,resized,islab_compressed_jpg,color
6_07_4_com_cr_org_res_nfit,https://www.instagram.com/p/CCc8bIMpfpF/?igshid=117uxxmawf0fu,6,jpg,resized,islab_compressed_jpg,color
6_07_5_com_cr_org_res_nfit,https://www.instagram.com/p/CCc8bIMpfpF/?igshid=117uxxmawf0fu,6,jpg,resized,islab_compressed_jpg,color
6_07_6_com_cr_org_res_nfit,https://www.instagram.com/p/CCc8bIMpfpF/?igshid=117uxxmawf0fu,6,jpg,resized,islab_compressed_jpg,color
6_08_1_com_cr_org_res_nfit,https://www.instagram.com/p/CCc9S4jpfK5/?igshid=16cuxp2zfh3hw,6,jpg,resized,islab_compressed_jpg,color
6_08_2_com_cr_org_res_nfit,https://www.instagram.com/p/CCc9S4jpfK5/?igshid=16cuxp2zfh3hw,6,jpg,resized,islab_compressed_jpg,color
6_08_3_com_cr_org_res_nfit,https://www.instagram.com/p/CCc9S4jpfK5/?igshid=16cuxp2zfh3hw,6,jpg,resized,islab_compressed_jpg,color
6_08_4_com_cr_org_res_nfit,https://www.instagram.com/p/CCc9S4jpfK5/?igshid=16cuxp2zfh3hw,6,jpg,resized,islab_compressed_jpg,color
6_08_5_com_cr_org_res_nfit,https://www.instagram.com/p/CCc9S4jpfK5/?igshid=16cuxp2zfh3hw,6,jpg,resized,islab_compressed_jpg,color
6_08_6_com_cr_org_res_nfit,https://www.instagram.com/p/CCc9S4jpfK5/?igshid=16cuxp2zfh3hw,6,jpg,resized,islab_compressed_jpg,color
6_09_1_com_cr_org_res_nfit,https://www.instagram.com/p/CCc9a6tpcAi/?igshid=853cmp8l1gly,6,jpg,resized,islab_compressed_jpg,color
6_09_2_com_cr_org_res_nfit,https://www.instagram.com/p/CCc9a6tpcAi/?igshid=853cmp8l1gly,6,jpg,resized,islab_compressed_jpg,color
6_09_3_com_cr_org_res_nfit,https://www.instagram.com/p/CCc9a6tpcAi/?igshid=853cmp8l1gly,6,jpg,resized,islab_compressed_jpg,color
6_09_4_com_cr_org_res_nfit,https://www.instagram.com/p/CCc9a6tpcAi/?igshid=853cmp8l1gly,6,jpg,resized,islab_compressed_jpg,color
6_09_5_com_cr_org_res_nfit,https://www.instagram.com/p/CCc9a6tpcAi/?igshid=853cmp8l1gly,6,jpg,resized,islab_compressed_jpg,color
6_09_6_com_cr_org_res_nfit,https://www.instagram.com/p/CCc9a6tpcAi/?igshid=853cmp8l1gly,6,jpg,resized,islab_compressed_jpg,color
6_10_1_com_cr_org_res_nfit,https://www.instagram.com/p/CCc9gAKpX8x/?igshid=ji98fx0ss3te,6,jpg,resized,islab_compressed_jpg,color
6_10_2_com_cr_org_res_nfit,https://www.instagram.com/p/CCc9gAKpX8x/?igshid=ji98fx0ss3te,6,jpg,resized,islab_compressed_jpg,color
6_10_3_com_cr_org_res_nfit,https://www.instagram.com/p/CCc9gAKpX8x/?igshid=ji98fx0ss3te,6,jpg,resized,islab_compressed_jpg,color
6_10_4_com_cr_org_res_nfit,https://www.instagram.com/p/CCc9gAKpX8x/?igshid=ji98fx0ss3te,6,jpg,resized,islab_compressed_jpg,color
6_10_5_com_cr_org_res_nfit,https://www.instagram.com/p/CCc9gAKpX8x/?igshid=ji98fx0ss3te,6,jpg,resized,islab_compressed_jpg,color
6_10_6_com_cr_org_res_nfit,https://www.instagram.com/p/CCc9gAKpX8x/?igshid=ji98fx0ss3te,6,jpg,resized,islab_compressed_jpg,color
6_01_1_com_cr_ins_res_nfit,https://www.instagram.com/p/CCc7rInJaZm/?igshid=xn28krpksjt4,6,jpg,resized,islab_compressed_jpg,color
6_01_2_com_cr_ins_res_nfit,https://www.instagram.com/p/CCc7rInJaZm/?igshid=xn28krpksjt4,6,jpg,resized,islab_compressed_jpg,color
6_01_3_com_cr_ins_res_nfit,https://www.instagram.com/p/CCc7rInJaZm/?igshid=xn28krpksjt4,6,jpg,resized,islab_compressed_jpg,color
6_01_4_com_cr_ins_res_nfit,https://www.instagram.com/p/CCc7rInJaZm/?igshid=xn28krpksjt4,6,jpg,resized,islab_compressed_jpg,color
6_01_5_com_cr_ins_res_nfit,https://www.instagram.com/p/CCc7rInJaZm/?igshid=xn28krpksjt4,6,jpg,resized,islab_compressed_jpg,color
6_01_6_com_cr_ins_res_nfit,https://www.instagram.com/p/CCc7rInJaZm/?igshid=xn28krpksjt4,6,jpg,resized,islab_compressed_jpg,color
6_02_1_com_cr_ins_res_nfit,https://www.instagram.com/p/CCc78Y4JAvQ/?igshid=18rgd0kyw2oxj,6,jpg,resized,islab_compressed_jpg,color
6_02_2_com_cr_ins_res_nfit,https://www.instagram.com/p/CCc78Y4JAvQ/?igshid=18rgd0kyw2oxj,6,jpg,resized,islab_compressed_jpg,color
6_02_3_com_cr_ins_res_nfit,https://www.instagram.com/p/CCc78Y4JAvQ/?igshid=18rgd0kyw2oxj,6,jpg,resized,islab_compressed_jpg,color
6_02_4_com_cr_ins_res_nfit,https://www.instagram.com/p/CCc78Y4JAvQ/?igshid=18rgd0kyw2oxj,6,jpg,resized,islab_compressed_jpg,color
6_02_5_com_cr_ins_res_nfit,https://www.instagram.com/p/CCc78Y4JAvQ/?igshid=18rgd0kyw2oxj,6,jpg,resized,islab_compressed_jpg,color
6_02_6_com_cr_ins_res_nfit,https://www.instagram.com/p/CCc78Y4JAvQ/?igshid=18rgd0kyw2oxj,6,jpg,resized,islab_compressed_jpg,color
6_03_1_com_cr_ins_res_nfit,https://www.instagram.com/p/CCc8DdgJRnZ/?igshid=1pbuefm0zrnrl,6,jpg,resized,islab_compressed_jpg,color
6_03_2_com_cr_ins_res_nfit,https://www.instagram.com/p/CCc8DdgJRnZ/?igshid=1pbuefm0zrnrl,6,jpg,resized,islab_compressed_jpg,color
6_03_3_com_cr_ins_res_nfit,https://www.instagram.com/p/CCc8DdgJRnZ/?igshid=1pbuefm0zrnrl,6,jpg,resized,islab_compressed_jpg,color
6_03_4_com_cr_ins_res_nfit,https://www.instagram.com/p/CCc8DdgJRnZ/?igshid=1pbuefm0zrnrl,6,jpg,resized,islab_compressed_jpg,color
6_03_5_com_cr_ins_res_nfit,https://www.instagram.com/p/CCc8DdgJRnZ/?igshid=1pbuefm0zrnrl,6,jpg,resized,islab_compressed_jpg,color
6_03_6_com_cr_ins_res_nfit,https://www.instagram.com/p/CCc8DdgJRnZ/?igshid=1pbuefm0zrnrl,6,jpg,resized,islab_compressed_jpg,color
6_04_1_com_cr_ins_res_nfit,https://www.instagram.com/p/CCc8IJCJTOJ/?igshid=9ya38rv3faky,6,jpg,resized,islab_compressed_jpg,color
6_04_2_com_cr_ins_res_nfit,https://www.instagram.com/p/CCc8IJCJTOJ/?igshid=9ya38rv3faky,6,jpg,resized,islab_compressed_jpg,color
6_04_3_com_cr_ins_res_nfit,https://www.instagram.com/p/CCc8IJCJTOJ/?igshid=9ya38rv3faky,6,jpg,resized,islab_compressed_jpg,color
6_04_4_com_cr_ins_res_nfit,https://www.instagram.com/p/CCc8IJCJTOJ/?igshid=9ya38rv3faky,6,jpg,resized,islab_compressed_jpg,color
6_04_5_com_cr_ins_res_nfit,https://www.instagram.com/p/CCc8IJCJTOJ/?igshid=9ya38rv3faky,6,jpg,resized,islab_compressed_jpg,color
6_04_6_com_cr_ins_res_nfit,https://www.instagram.com/p/CCc8IJCJTOJ/?igshid=9ya38rv3faky,6,jpg,resized,islab_compressed_jpg,color
6_05_1_com_cr_ins_res_nfit,https://www.instagram.com/p/CCc8LZAJpYa/?igshid=mxkb8tnsjq1l,6,jpg,resized,islab_compressed_jpg,color
6_05_2_com_cr_ins_res_nfit,https://www.instagram.com/p/CCc8LZAJpYa/?igshid=mxkb8tnsjq1l,6,jpg,resized,islab_compressed_jpg,color
6_05_3_com_cr_ins_res_nfit,https://www.instagram.com/p/CCc8LZAJpYa/?igshid=mxkb8tnsjq1l,6,jpg,resized,islab_compressed_jpg,color
6_05_4_com_cr_ins_res_nfit,https://www.instagram.com/p/CCc8LZAJpYa/?igshid=mxkb8tnsjq1l,6,jpg,resized,islab_compressed_jpg,color
6_05_5_com_cr_ins_res_nfit,https://www.instagram.com/p/CCc8LZAJpYa/?igshid=mxkb8tnsjq1l,6,jpg,resized,islab_compressed_jpg,color
6_05_6_com_cr_ins_res_nfit,https://www.instagram.com/p/CCc8LZAJpYa/?igshid=mxkb8tnsjq1l,6,jpg,resized,islab_compressed_jpg,color
6_06_1_com_cr_ins_res_nfit,https://www.instagram.com/p/CCc8WFnpFEa/?igshid=vpwvmen0afno,6,jpg,resized,islab_compressed_jpg,color
6_06_2_com_cr_ins_res_nfit,https://www.instagram.com/p/CCc8WFnpFEa/?igshid=vpwvmen0afno,6,jpg,resized,islab_compressed_jpg,color
6_06_3_com_cr_ins_res_nfit,https://www.instagram.com/p/CCc8WFnpFEa/?igshid=vpwvmen0afno,6,jpg,resized,islab_compressed_jpg,color
6_06_4_com_cr_ins_res_nfit,https://www.instagram.com/p/CCc8WFnpFEa/?igshid=vpwvmen0afno,6,jpg,resized,islab_compressed_jpg,color
6_06_5_com_cr_ins_res_nfit,https://www.instagram.com/p/CCc8WFnpFEa/?igshid=vpwvmen0afno,6,jpg,resized,islab_compressed_jpg,color
6_06_6_com_cr_ins_res_nfit,https://www.instagram.com/p/CCc8WFnpFEa/?igshid=vpwvmen0afno,6,jpg,resized,islab_compressed_jpg,color
6_07_1_com_cr_ins_res_nfit,https://www.instagram.com/p/CCc8bIMpfpF/?igshid=117uxxmawf0fu,6,jpg,resized,islab_compressed_jpg,color
6_07_2_com_cr_ins_res_nfit,https://www.instagram.com/p/CCc8bIMpfpF/?igshid=117uxxmawf0fu,6,jpg,resized,islab_compressed_jpg,color
6_07_3_com_cr_ins_res_nfit,https://www.instagram.com/p/CCc8bIMpfpF/?igshid=117uxxmawf0fu,6,jpg,resized,islab_compressed_jpg,color
6_07_4_com_cr_ins_res_nfit,https://www.instagram.com/p/CCc8bIMpfpF/?igshid=117uxxmawf0fu,6,jpg,resized,islab_compressed_jpg,color
6_07_5_com_cr_ins_res_nfit,https://www.instagram.com/p/CCc8bIMpfpF/?igshid=117uxxmawf0fu,6,jpg,resized,islab_compressed_jpg,color
6_07_6_com_cr_ins_res_nfit,https://www.instagram.com/p/CCc8bIMpfpF/?igshid=117uxxmawf0fu,6,jpg,resized,islab_compressed_jpg,color
6_08_1_com_cr_ins_res_nfit,https://www.instagram.com/p/CCc9S4jpfK5/?igshid=16cuxp2zfh3hw,6,jpg,resized,islab_compressed_jpg,color
6_08_2_com_cr_ins_res_nfit,https://www.instagram.com/p/CCc9S4jpfK5/?igshid=16cuxp2zfh3hw,6,jpg,resized,islab_compressed_jpg,color
6_08_3_com_cr_ins_res_nfit,https://www.instagram.com/p/CCc9S4jpfK5/?igshid=16cuxp2zfh3hw,6,jpg,resized,islab_compressed_jpg,color
6_08_4_com_cr_ins_res_nfit,https://www.instagram.com/p/CCc9S4jpfK5/?igshid=16cuxp2zfh3hw,6,jpg,resized,islab_compressed_jpg,color
6_08_5_com_cr_ins_res_nfit,https://www.instagram.com/p/CCc9S4jpfK5/?igshid=16cuxp2zfh3hw,6,jpg,resized,islab_compressed_jpg,color
6_08_6_com_cr_ins_res_nfit,https://www.instagram.com/p/CCc9S4jpfK5/?igshid=16cuxp2zfh3hw,6,jpg,resized,islab_compressed_jpg,color
6_09_1_com_cr_ins_res_nfit,https://www.instagram.com/p/CCc9a6tpcAi/?igshid=853cmp8l1gly,6,jpg,resized,islab_compressed_jpg,color
6_09_2_com_cr_ins_res_nfit,https://www.instagram.com/p/CCc9a6tpcAi/?igshid=853cmp8l1gly,6,jpg,resized,islab_compressed_jpg,color
6_09_3_com_cr_ins_res_nfit,https://www.instagram.com/p/CCc9a6tpcAi/?igshid=853cmp8l1gly,6,jpg,resized,islab_compressed_jpg,color
6_09_4_com_cr_ins_res_nfit,https://www.instagram.com/p/CCc9a6tpcAi/?igshid=853cmp8l1gly,6,jpg,resized,islab_compressed_jpg,color
6_09_5_com_cr_ins_res_nfit,https://www.instagram.com/p/CCc9a6tpcAi/?igshid=853cmp8l1gly,6,jpg,resized,islab_compressed_jpg,color
6_09_6_com_cr_ins_res_nfit,https://www.instagram.com/p/CCc9a6tpcAi/?igshid=853cmp8l1gly,6,jpg,resized,islab_compressed_jpg,color
6_10_1_com_cr_ins_res_nfit,https://www.instagram.com/p/CCc9gAKpX8x/?igshid=ji98fx0ss3te,6,jpg,resized,islab_compressed_jpg,color
6_10_2_com_cr_ins_res_nfit,https://www.instagram.com/p/CCc9gAKpX8x/?igshid=ji98fx0ss3te,6,jpg,resized,islab_compressed_jpg,color
6_10_3_com_cr_ins_res_nfit,https://www.instagram.com/p/CCc9gAKpX8x/?igshid=ji98fx0ss3te,6,jpg,resized,islab_compressed_jpg,color
6_10_4_com_cr_ins_res_nfit,https://www.instagram.com/p/CCc9gAKpX8x/?igshid=ji98fx0ss3te,6,jpg,resized,islab_compressed_jpg,color
6_10_5_com_cr_ins_res_nfit,https://www.instagram.com/p/CCc9gAKpX8x/?igshid=ji98fx0ss3te,6,jpg,resized,islab_compressed_jpg,color
6_10_6_com_cr_ins_res_nfit,https://www.instagram.com/p/CCc9gAKpX8x/?igshid=ji98fx0ss3te,6,jpg,resized,islab_compressed_jpg,color
