﻿"image name ('number of images in this post'_'post number'_'position of the image in this post'_'db name'_'whether image is bw'_'whether image is uploaded to instagram or before uploaded'_'whether image has been ""no modification"", ""resized"" or ""modified""'_'filter name'_'additional data')",instagram post link,number of images in that post (1 - 6),"format (jpg, jpeg, heic, heif)","Upload quality (original, resized)",account info,color or gray_scaled
6_01_1_com_bw_org_res_nfit,https://www.instagram.com/p/CCkZ0fsp89C/?igshid=i11ijc1v34nk,6,jpg,resized,islab_compressed_jpg,gray_scaled
6_01_2_com_bw_org_res_nfit,https://www.instagram.com/p/CCkZ0fsp89C/?igshid=i11ijc1v34nk,6,jpg,resized,islab_compressed_jpg,gray_scaled
6_01_3_com_bw_org_res_nfit,https://www.instagram.com/p/CCkZ0fsp89C/?igshid=i11ijc1v34nk,6,jpg,resized,islab_compressed_jpg,gray_scaled
6_01_4_com_bw_org_res_nfit,https://www.instagram.com/p/CCkZ0fsp89C/?igshid=i11ijc1v34nk,6,jpg,resized,islab_compressed_jpg,gray_scaled
6_01_5_com_bw_org_res_nfit,https://www.instagram.com/p/CCkZ0fsp89C/?igshid=i11ijc1v34nk,6,jpg,resized,islab_compressed_jpg,gray_scaled
6_01_6_com_bw_org_res_nfit,https://www.instagram.com/p/CCkZ0fsp89C/?igshid=i11ijc1v34nk,6,jpg,resized,islab_compressed_jpg,gray_scaled
6_02_1_com_bw_org_res_nfit,https://www.instagram.com/p/CCkZ3JypBze/?igshid=1cglbowd1uexd,6,jpg,resized,islab_compressed_jpg,gray_scaled
6_02_2_com_bw_org_res_nfit,https://www.instagram.com/p/CCkZ3JypBze/?igshid=1cglbowd1uexd,6,jpg,resized,islab_compressed_jpg,gray_scaled
6_02_3_com_bw_org_res_nfit,https://www.instagram.com/p/CCkZ3JypBze/?igshid=1cglbowd1uexd,6,jpg,resized,islab_compressed_jpg,gray_scaled
6_02_4_com_bw_org_res_nfit,https://www.instagram.com/p/CCkZ3JypBze/?igshid=1cglbowd1uexd,6,jpg,resized,islab_compressed_jpg,gray_scaled
6_02_5_com_bw_org_res_nfit,https://www.instagram.com/p/CCkZ3JypBze/?igshid=1cglbowd1uexd,6,jpg,resized,islab_compressed_jpg,gray_scaled
6_02_6_com_bw_org_res_nfit,https://www.instagram.com/p/CCkZ3JypBze/?igshid=1cglbowd1uexd,6,jpg,resized,islab_compressed_jpg,gray_scaled
6_03_1_com_bw_org_res_nfit,https://www.instagram.com/p/CCkZ77Npzh2/?igshid=odwy5f57vn6t,6,jpg,resized,islab_compressed_jpg,gray_scaled
6_03_2_com_bw_org_res_nfit,https://www.instagram.com/p/CCkZ77Npzh2/?igshid=odwy5f57vn6t,6,jpg,resized,islab_compressed_jpg,gray_scaled
6_03_3_com_bw_org_res_nfit,https://www.instagram.com/p/CCkZ77Npzh2/?igshid=odwy5f57vn6t,6,jpg,resized,islab_compressed_jpg,gray_scaled
6_03_4_com_bw_org_res_nfit,https://www.instagram.com/p/CCkZ77Npzh2/?igshid=odwy5f57vn6t,6,jpg,resized,islab_compressed_jpg,gray_scaled
6_03_5_com_bw_org_res_nfit,https://www.instagram.com/p/CCkZ77Npzh2/?igshid=odwy5f57vn6t,6,jpg,resized,islab_compressed_jpg,gray_scaled
6_03_6_com_bw_org_res_nfit,https://www.instagram.com/p/CCkZ77Npzh2/?igshid=odwy5f57vn6t,6,jpg,resized,islab_compressed_jpg,gray_scaled
6_04_1_com_bw_org_res_nfit,https://www.instagram.com/p/CCkZ-bQpnvl/?igshid=1qytheyx7471v,6,jpg,resized,islab_compressed_jpg,gray_scaled
6_04_2_com_bw_org_res_nfit,https://www.instagram.com/p/CCkZ-bQpnvl/?igshid=1qytheyx7471v,6,jpg,resized,islab_compressed_jpg,gray_scaled
6_04_3_com_bw_org_res_nfit,https://www.instagram.com/p/CCkZ-bQpnvl/?igshid=1qytheyx7471v,6,jpg,resized,islab_compressed_jpg,gray_scaled
6_04_4_com_bw_org_res_nfit,https://www.instagram.com/p/CCkZ-bQpnvl/?igshid=1qytheyx7471v,6,jpg,resized,islab_compressed_jpg,gray_scaled
6_04_5_com_bw_org_res_nfit,https://www.instagram.com/p/CCkZ-bQpnvl/?igshid=1qytheyx7471v,6,jpg,resized,islab_compressed_jpg,gray_scaled
6_04_6_com_bw_org_res_nfit,https://www.instagram.com/p/CCkZ-bQpnvl/?igshid=1qytheyx7471v,6,jpg,resized,islab_compressed_jpg,gray_scaled
6_05_1_com_bw_org_res_nfit,https://www.instagram.com/p/CCkaBbhJM9o/?igshid=r4k9vb4kd92a,6,jpg,resized,islab_compressed_jpg,gray_scaled
6_05_2_com_bw_org_res_nfit,https://www.instagram.com/p/CCkaBbhJM9o/?igshid=r4k9vb4kd92a,6,jpg,resized,islab_compressed_jpg,gray_scaled
6_05_3_com_bw_org_res_nfit,https://www.instagram.com/p/CCkaBbhJM9o/?igshid=r4k9vb4kd92a,6,jpg,resized,islab_compressed_jpg,gray_scaled
6_05_4_com_bw_org_res_nfit,https://www.instagram.com/p/CCkaBbhJM9o/?igshid=r4k9vb4kd92a,6,jpg,resized,islab_compressed_jpg,gray_scaled
6_05_5_com_bw_org_res_nfit,https://www.instagram.com/p/CCkaBbhJM9o/?igshid=r4k9vb4kd92a,6,jpg,resized,islab_compressed_jpg,gray_scaled
6_05_6_com_bw_org_res_nfit,https://www.instagram.com/p/CCkaBbhJM9o/?igshid=r4k9vb4kd92a,6,jpg,resized,islab_compressed_jpg,gray_scaled
6_06_1_com_bw_org_res_nfit,https://www.instagram.com/p/CCkaD8cp0eS/?igshid=eftvaqj8jmga,6,jpg,resized,islab_compressed_jpg,gray_scaled
6_06_2_com_bw_org_res_nfit,https://www.instagram.com/p/CCkaD8cp0eS/?igshid=eftvaqj8jmga,6,jpg,resized,islab_compressed_jpg,gray_scaled
6_06_3_com_bw_org_res_nfit,https://www.instagram.com/p/CCkaD8cp0eS/?igshid=eftvaqj8jmga,6,jpg,resized,islab_compressed_jpg,gray_scaled
6_06_4_com_bw_org_res_nfit,https://www.instagram.com/p/CCkaD8cp0eS/?igshid=eftvaqj8jmga,6,jpg,resized,islab_compressed_jpg,gray_scaled
6_06_5_com_bw_org_res_nfit,https://www.instagram.com/p/CCkaD8cp0eS/?igshid=eftvaqj8jmga,6,jpg,resized,islab_compressed_jpg,gray_scaled
6_06_6_com_bw_org_res_nfit,https://www.instagram.com/p/CCkaD8cp0eS/?igshid=eftvaqj8jmga,6,jpg,resized,islab_compressed_jpg,gray_scaled
6_07_1_com_bw_org_res_nfit,https://www.instagram.com/p/CCkaGptJ-pF/?igshid=cfnkfa41jlx6,6,jpg,resized,islab_compressed_jpg,gray_scaled
6_07_2_com_bw_org_res_nfit,https://www.instagram.com/p/CCkaGptJ-pF/?igshid=cfnkfa41jlx6,6,jpg,resized,islab_compressed_jpg,gray_scaled
6_07_3_com_bw_org_res_nfit,https://www.instagram.com/p/CCkaGptJ-pF/?igshid=cfnkfa41jlx6,6,jpg,resized,islab_compressed_jpg,gray_scaled
6_07_4_com_bw_org_res_nfit,https://www.instagram.com/p/CCkaGptJ-pF/?igshid=cfnkfa41jlx6,6,jpg,resized,islab_compressed_jpg,gray_scaled
6_07_5_com_bw_org_res_nfit,https://www.instagram.com/p/CCkaGptJ-pF/?igshid=cfnkfa41jlx6,6,jpg,resized,islab_compressed_jpg,gray_scaled
6_07_6_com_bw_org_res_nfit,https://www.instagram.com/p/CCkaGptJ-pF/?igshid=cfnkfa41jlx6,6,jpg,resized,islab_compressed_jpg,gray_scaled
6_08_1_com_bw_org_res_nfit,https://www.instagram.com/p/CCkaJjmJGjo/?igshid=1phnn16aerbsu,6,jpg,resized,islab_compressed_jpg,gray_scaled
6_08_2_com_bw_org_res_nfit,https://www.instagram.com/p/CCkaJjmJGjo/?igshid=1phnn16aerbsu,6,jpg,resized,islab_compressed_jpg,gray_scaled
6_08_3_com_bw_org_res_nfit,https://www.instagram.com/p/CCkaJjmJGjo/?igshid=1phnn16aerbsu,6,jpg,resized,islab_compressed_jpg,gray_scaled
6_08_4_com_bw_org_res_nfit,https://www.instagram.com/p/CCkaJjmJGjo/?igshid=1phnn16aerbsu,6,jpg,resized,islab_compressed_jpg,gray_scaled
6_08_5_com_bw_org_res_nfit,https://www.instagram.com/p/CCkaJjmJGjo/?igshid=1phnn16aerbsu,6,jpg,resized,islab_compressed_jpg,gray_scaled
6_08_6_com_bw_org_res_nfit,https://www.instagram.com/p/CCkaJjmJGjo/?igshid=1phnn16aerbsu,6,jpg,resized,islab_compressed_jpg,gray_scaled
6_09_1_com_bw_org_res_nfit,https://www.instagram.com/p/CCkaNjhJUB5/?igshid=15mgpysuq4eme,6,jpg,resized,islab_compressed_jpg,gray_scaled
6_09_2_com_bw_org_res_nfit,https://www.instagram.com/p/CCkaNjhJUB5/?igshid=15mgpysuq4eme,6,jpg,resized,islab_compressed_jpg,gray_scaled
6_09_3_com_bw_org_res_nfit,https://www.instagram.com/p/CCkaNjhJUB5/?igshid=15mgpysuq4eme,6,jpg,resized,islab_compressed_jpg,gray_scaled
6_09_4_com_bw_org_res_nfit,https://www.instagram.com/p/CCkaNjhJUB5/?igshid=15mgpysuq4eme,6,jpg,resized,islab_compressed_jpg,gray_scaled
6_09_5_com_bw_org_res_nfit,https://www.instagram.com/p/CCkaNjhJUB5/?igshid=15mgpysuq4eme,6,jpg,resized,islab_compressed_jpg,gray_scaled
6_09_6_com_bw_org_res_nfit,https://www.instagram.com/p/CCkaNjhJUB5/?igshid=15mgpysuq4eme,6,jpg,resized,islab_compressed_jpg,gray_scaled
6_10_1_com_bw_org_res_nfit,https://www.instagram.com/p/CCkaPLzJNbE/?igshid=1ejp9s0yjputd,6,jpg,resized,islab_compressed_jpg,gray_scaled
6_10_2_com_bw_org_res_nfit,https://www.instagram.com/p/CCkaPLzJNbE/?igshid=1ejp9s0yjputd,6,jpg,resized,islab_compressed_jpg,gray_scaled
6_10_3_com_bw_org_res_nfit,https://www.instagram.com/p/CCkaPLzJNbE/?igshid=1ejp9s0yjputd,6,jpg,resized,islab_compressed_jpg,gray_scaled
6_10_4_com_bw_org_res_nfit,https://www.instagram.com/p/CCkaPLzJNbE/?igshid=1ejp9s0yjputd,6,jpg,resized,islab_compressed_jpg,gray_scaled
6_10_5_com_bw_org_res_nfit,https://www.instagram.com/p/CCkaPLzJNbE/?igshid=1ejp9s0yjputd,6,jpg,resized,islab_compressed_jpg,gray_scaled
6_10_6_com_bw_org_res_nfit,https://www.instagram.com/p/CCkaPLzJNbE/?igshid=1ejp9s0yjputd,6,jpg,resized,islab_compressed_jpg,gray_scaled
6_01_1_com_bw_ins_res_nfit,https://www.instagram.com/p/CCkZ0fsp89C/?igshid=i11ijc1v34nk,6,jpg,resized,islab_compressed_jpg,gray_scaled
6_01_2_com_bw_ins_res_nfit,https://www.instagram.com/p/CCkZ0fsp89C/?igshid=i11ijc1v34nk,6,jpg,resized,islab_compressed_jpg,gray_scaled
6_01_3_com_bw_ins_res_nfit,https://www.instagram.com/p/CCkZ0fsp89C/?igshid=i11ijc1v34nk,6,jpg,resized,islab_compressed_jpg,gray_scaled
6_01_4_com_bw_ins_res_nfit,https://www.instagram.com/p/CCkZ0fsp89C/?igshid=i11ijc1v34nk,6,jpg,resized,islab_compressed_jpg,gray_scaled
6_01_5_com_bw_ins_res_nfit,https://www.instagram.com/p/CCkZ0fsp89C/?igshid=i11ijc1v34nk,6,jpg,resized,islab_compressed_jpg,gray_scaled
6_01_6_com_bw_ins_res_nfit,https://www.instagram.com/p/CCkZ0fsp89C/?igshid=i11ijc1v34nk,6,jpg,resized,islab_compressed_jpg,gray_scaled
6_02_1_com_bw_ins_res_nfit,https://www.instagram.com/p/CCkZ3JypBze/?igshid=1cglbowd1uexd,6,jpg,resized,islab_compressed_jpg,gray_scaled
6_02_2_com_bw_ins_res_nfit,https://www.instagram.com/p/CCkZ3JypBze/?igshid=1cglbowd1uexd,6,jpg,resized,islab_compressed_jpg,gray_scaled
6_02_3_com_bw_ins_res_nfit,https://www.instagram.com/p/CCkZ3JypBze/?igshid=1cglbowd1uexd,6,jpg,resized,islab_compressed_jpg,gray_scaled
6_02_4_com_bw_ins_res_nfit,https://www.instagram.com/p/CCkZ3JypBze/?igshid=1cglbowd1uexd,6,jpg,resized,islab_compressed_jpg,gray_scaled
6_02_5_com_bw_ins_res_nfit,https://www.instagram.com/p/CCkZ3JypBze/?igshid=1cglbowd1uexd,6,jpg,resized,islab_compressed_jpg,gray_scaled
6_02_6_com_bw_ins_res_nfit,https://www.instagram.com/p/CCkZ3JypBze/?igshid=1cglbowd1uexd,6,jpg,resized,islab_compressed_jpg,gray_scaled
6_03_1_com_bw_ins_res_nfit,https://www.instagram.com/p/CCkZ77Npzh2/?igshid=odwy5f57vn6t,6,jpg,resized,islab_compressed_jpg,gray_scaled
6_03_2_com_bw_ins_res_nfit,https://www.instagram.com/p/CCkZ77Npzh2/?igshid=odwy5f57vn6t,6,jpg,resized,islab_compressed_jpg,gray_scaled
6_03_3_com_bw_ins_res_nfit,https://www.instagram.com/p/CCkZ77Npzh2/?igshid=odwy5f57vn6t,6,jpg,resized,islab_compressed_jpg,gray_scaled
6_03_4_com_bw_ins_res_nfit,https://www.instagram.com/p/CCkZ77Npzh2/?igshid=odwy5f57vn6t,6,jpg,resized,islab_compressed_jpg,gray_scaled
6_03_5_com_bw_ins_res_nfit,https://www.instagram.com/p/CCkZ77Npzh2/?igshid=odwy5f57vn6t,6,jpg,resized,islab_compressed_jpg,gray_scaled
6_03_6_com_bw_ins_res_nfit,https://www.instagram.com/p/CCkZ77Npzh2/?igshid=odwy5f57vn6t,6,jpg,resized,islab_compressed_jpg,gray_scaled
6_04_1_com_bw_ins_res_nfit,https://www.instagram.com/p/CCkZ-bQpnvl/?igshid=1qytheyx7471v,6,jpg,resized,islab_compressed_jpg,gray_scaled
6_04_2_com_bw_ins_res_nfit,https://www.instagram.com/p/CCkZ-bQpnvl/?igshid=1qytheyx7471v,6,jpg,resized,islab_compressed_jpg,gray_scaled
6_04_3_com_bw_ins_res_nfit,https://www.instagram.com/p/CCkZ-bQpnvl/?igshid=1qytheyx7471v,6,jpg,resized,islab_compressed_jpg,gray_scaled
6_04_4_com_bw_ins_res_nfit,https://www.instagram.com/p/CCkZ-bQpnvl/?igshid=1qytheyx7471v,6,jpg,resized,islab_compressed_jpg,gray_scaled
6_04_5_com_bw_ins_res_nfit,https://www.instagram.com/p/CCkZ-bQpnvl/?igshid=1qytheyx7471v,6,jpg,resized,islab_compressed_jpg,gray_scaled
6_04_6_com_bw_ins_res_nfit,https://www.instagram.com/p/CCkZ-bQpnvl/?igshid=1qytheyx7471v,6,jpg,resized,islab_compressed_jpg,gray_scaled
6_05_1_com_bw_ins_res_nfit,https://www.instagram.com/p/CCkaBbhJM9o/?igshid=r4k9vb4kd92a,6,jpg,resized,islab_compressed_jpg,gray_scaled
6_05_2_com_bw_ins_res_nfit,https://www.instagram.com/p/CCkaBbhJM9o/?igshid=r4k9vb4kd92a,6,jpg,resized,islab_compressed_jpg,gray_scaled
6_05_3_com_bw_ins_res_nfit,https://www.instagram.com/p/CCkaBbhJM9o/?igshid=r4k9vb4kd92a,6,jpg,resized,islab_compressed_jpg,gray_scaled
6_05_4_com_bw_ins_res_nfit,https://www.instagram.com/p/CCkaBbhJM9o/?igshid=r4k9vb4kd92a,6,jpg,resized,islab_compressed_jpg,gray_scaled
6_05_5_com_bw_ins_res_nfit,https://www.instagram.com/p/CCkaBbhJM9o/?igshid=r4k9vb4kd92a,6,jpg,resized,islab_compressed_jpg,gray_scaled
6_05_6_com_bw_ins_res_nfit,https://www.instagram.com/p/CCkaBbhJM9o/?igshid=r4k9vb4kd92a,6,jpg,resized,islab_compressed_jpg,gray_scaled
6_06_1_com_bw_ins_res_nfit,https://www.instagram.com/p/CCkaD8cp0eS/?igshid=eftvaqj8jmga,6,jpg,resized,islab_compressed_jpg,gray_scaled
6_06_2_com_bw_ins_res_nfit,https://www.instagram.com/p/CCkaD8cp0eS/?igshid=eftvaqj8jmga,6,jpg,resized,islab_compressed_jpg,gray_scaled
6_06_3_com_bw_ins_res_nfit,https://www.instagram.com/p/CCkaD8cp0eS/?igshid=eftvaqj8jmga,6,jpg,resized,islab_compressed_jpg,gray_scaled
6_06_4_com_bw_ins_res_nfit,https://www.instagram.com/p/CCkaD8cp0eS/?igshid=eftvaqj8jmga,6,jpg,resized,islab_compressed_jpg,gray_scaled
6_06_5_com_bw_ins_res_nfit,https://www.instagram.com/p/CCkaD8cp0eS/?igshid=eftvaqj8jmga,6,jpg,resized,islab_compressed_jpg,gray_scaled
6_06_6_com_bw_ins_res_nfit,https://www.instagram.com/p/CCkaD8cp0eS/?igshid=eftvaqj8jmga,6,jpg,resized,islab_compressed_jpg,gray_scaled
6_07_1_com_bw_ins_res_nfit,https://www.instagram.com/p/CCkaGptJ-pF/?igshid=cfnkfa41jlx6,6,jpg,resized,islab_compressed_jpg,gray_scaled
6_07_2_com_bw_ins_res_nfit,https://www.instagram.com/p/CCkaGptJ-pF/?igshid=cfnkfa41jlx6,6,jpg,resized,islab_compressed_jpg,gray_scaled
6_07_3_com_bw_ins_res_nfit,https://www.instagram.com/p/CCkaGptJ-pF/?igshid=cfnkfa41jlx6,6,jpg,resized,islab_compressed_jpg,gray_scaled
6_07_4_com_bw_ins_res_nfit,https://www.instagram.com/p/CCkaGptJ-pF/?igshid=cfnkfa41jlx6,6,jpg,resized,islab_compressed_jpg,gray_scaled
6_07_5_com_bw_ins_res_nfit,https://www.instagram.com/p/CCkaGptJ-pF/?igshid=cfnkfa41jlx6,6,jpg,resized,islab_compressed_jpg,gray_scaled
6_07_6_com_bw_ins_res_nfit,https://www.instagram.com/p/CCkaGptJ-pF/?igshid=cfnkfa41jlx6,6,jpg,resized,islab_compressed_jpg,gray_scaled
6_08_1_com_bw_ins_res_nfit,https://www.instagram.com/p/CCkaJjmJGjo/?igshid=1phnn16aerbsu,6,jpg,resized,islab_compressed_jpg,gray_scaled
6_08_2_com_bw_ins_res_nfit,https://www.instagram.com/p/CCkaJjmJGjo/?igshid=1phnn16aerbsu,6,jpg,resized,islab_compressed_jpg,gray_scaled
6_08_3_com_bw_ins_res_nfit,https://www.instagram.com/p/CCkaJjmJGjo/?igshid=1phnn16aerbsu,6,jpg,resized,islab_compressed_jpg,gray_scaled
6_08_4_com_bw_ins_res_nfit,https://www.instagram.com/p/CCkaJjmJGjo/?igshid=1phnn16aerbsu,6,jpg,resized,islab_compressed_jpg,gray_scaled
6_08_5_com_bw_ins_res_nfit,https://www.instagram.com/p/CCkaJjmJGjo/?igshid=1phnn16aerbsu,6,jpg,resized,islab_compressed_jpg,gray_scaled
6_08_6_com_bw_ins_res_nfit,https://www.instagram.com/p/CCkaJjmJGjo/?igshid=1phnn16aerbsu,6,jpg,resized,islab_compressed_jpg,gray_scaled
6_09_1_com_bw_ins_res_nfit,https://www.instagram.com/p/CCkaNjhJUB5/?igshid=15mgpysuq4eme,6,jpg,resized,islab_compressed_jpg,gray_scaled
6_09_2_com_bw_ins_res_nfit,https://www.instagram.com/p/CCkaNjhJUB5/?igshid=15mgpysuq4eme,6,jpg,resized,islab_compressed_jpg,gray_scaled
6_09_3_com_bw_ins_res_nfit,https://www.instagram.com/p/CCkaNjhJUB5/?igshid=15mgpysuq4eme,6,jpg,resized,islab_compressed_jpg,gray_scaled
6_09_4_com_bw_ins_res_nfit,https://www.instagram.com/p/CCkaNjhJUB5/?igshid=15mgpysuq4eme,6,jpg,resized,islab_compressed_jpg,gray_scaled
6_09_5_com_bw_ins_res_nfit,https://www.instagram.com/p/CCkaNjhJUB5/?igshid=15mgpysuq4eme,6,jpg,resized,islab_compressed_jpg,gray_scaled
6_09_6_com_bw_ins_res_nfit,https://www.instagram.com/p/CCkaNjhJUB5/?igshid=15mgpysuq4eme,6,jpg,resized,islab_compressed_jpg,gray_scaled
6_10_1_com_bw_ins_res_nfit,https://www.instagram.com/p/CCkaPLzJNbE/?igshid=1ejp9s0yjputd,6,jpg,resized,islab_compressed_jpg,gray_scaled
6_10_2_com_bw_ins_res_nfit,https://www.instagram.com/p/CCkaPLzJNbE/?igshid=1ejp9s0yjputd,6,jpg,resized,islab_compressed_jpg,gray_scaled
6_10_3_com_bw_ins_res_nfit,https://www.instagram.com/p/CCkaPLzJNbE/?igshid=1ejp9s0yjputd,6,jpg,resized,islab_compressed_jpg,gray_scaled
6_10_4_com_bw_ins_res_nfit,https://www.instagram.com/p/CCkaPLzJNbE/?igshid=1ejp9s0yjputd,6,jpg,resized,islab_compressed_jpg,gray_scaled
6_10_5_com_bw_ins_res_nfit,https://www.instagram.com/p/CCkaPLzJNbE/?igshid=1ejp9s0yjputd,6,jpg,resized,islab_compressed_jpg,gray_scaled
6_10_6_com_bw_ins_res_nfit,https://www.instagram.com/p/CCkaPLzJNbE/?igshid=1ejp9s0yjputd,6,jpg,resized,islab_compressed_jpg,gray_scaled
