﻿"image name ('number of images in this post'_'post number'_'position of the image in this post'_'db name'_'whether image is bw'_'whether image is uploaded to instagram or before uploaded'_'whether image has been ""no modification"", ""resized"" or ""modified""'_'filter name'_'additional data')",instagram post link,number of images in that post (1 - 6),"format (jpg, jpeg, heic, heif)","Upload quality (original, resized)",account info,color or gray_scaled
5_01_1_com_cr_org_res_nfit,https://www.instagram.com/p/CCc21kIJpQR/?igshid=1rnq6hlvtl9j5,5,jpg,resized,islab_compressed_jpg,color
5_01_2_com_cr_org_res_nfit,https://www.instagram.com/p/CCc21kIJpQR/?igshid=1rnq6hlvtl9j5,5,jpg,resized,islab_compressed_jpg,color
5_01_3_com_cr_org_res_nfit,https://www.instagram.com/p/CCc21kIJpQR/?igshid=1rnq6hlvtl9j5,5,jpg,resized,islab_compressed_jpg,color
5_01_4_com_cr_org_res_nfit,https://www.instagram.com/p/CCc21kIJpQR/?igshid=1rnq6hlvtl9j5,5,jpg,resized,islab_compressed_jpg,color
5_01_5_com_cr_org_res_nfit,https://www.instagram.com/p/CCc21kIJpQR/?igshid=1rnq6hlvtl9j5,5,jpg,resized,islab_compressed_jpg,color
5_02_1_com_cr_org_res_nfit,https://www.instagram.com/p/CCc3Cqlpp2f/?igshid=1g22vna5n9amm,5,jpg,resized,islab_compressed_jpg,color
5_02_2_com_cr_org_res_nfit,https://www.instagram.com/p/CCc3Cqlpp2f/?igshid=1g22vna5n9amm,5,jpg,resized,islab_compressed_jpg,color
5_02_3_com_cr_org_res_nfit,https://www.instagram.com/p/CCc3Cqlpp2f/?igshid=1g22vna5n9amm,5,jpg,resized,islab_compressed_jpg,color
5_02_4_com_cr_org_res_nfit,https://www.instagram.com/p/CCc3Cqlpp2f/?igshid=1g22vna5n9amm,5,jpg,resized,islab_compressed_jpg,color
5_02_5_com_cr_org_res_nfit,https://www.instagram.com/p/CCc3Cqlpp2f/?igshid=1g22vna5n9amm,5,jpg,resized,islab_compressed_jpg,color
5_03_1_com_cr_org_res_nfit,https://www.instagram.com/p/CCc3G5WpSxT/?igshid=2noz2zs75yuq,5,jpg,resized,islab_compressed_jpg,color
5_03_2_com_cr_org_res_nfit,https://www.instagram.com/p/CCc3G5WpSxT/?igshid=2noz2zs75yuq,5,jpg,resized,islab_compressed_jpg,color
5_03_3_com_cr_org_res_nfit,https://www.instagram.com/p/CCc3G5WpSxT/?igshid=2noz2zs75yuq,5,jpg,resized,islab_compressed_jpg,color
5_03_4_com_cr_org_res_nfit,https://www.instagram.com/p/CCc3G5WpSxT/?igshid=2noz2zs75yuq,5,jpg,resized,islab_compressed_jpg,color
5_03_5_com_cr_org_res_nfit,https://www.instagram.com/p/CCc3G5WpSxT/?igshid=2noz2zs75yuq,5,jpg,resized,islab_compressed_jpg,color
5_04_1_com_cr_org_res_nfit,https://www.instagram.com/p/CCc3M6MpVsU/?igshid=te84zpnjwjq9,5,jpg,resized,islab_compressed_jpg,color
5_04_2_com_cr_org_res_nfit,https://www.instagram.com/p/CCc3M6MpVsU/?igshid=te84zpnjwjq9,5,jpg,resized,islab_compressed_jpg,color
5_04_3_com_cr_org_res_nfit,https://www.instagram.com/p/CCc3M6MpVsU/?igshid=te84zpnjwjq9,5,jpg,resized,islab_compressed_jpg,color
5_04_4_com_cr_org_res_nfit,https://www.instagram.com/p/CCc3M6MpVsU/?igshid=te84zpnjwjq9,5,jpg,resized,islab_compressed_jpg,color
5_04_5_com_cr_org_res_nfit,https://www.instagram.com/p/CCc3M6MpVsU/?igshid=te84zpnjwjq9,5,jpg,resized,islab_compressed_jpg,color
5_05_1_com_cr_org_res_nfit,https://www.instagram.com/p/CCc3QbTpRns/?igshid=1raz6hrfi0tmd,5,jpg,resized,islab_compressed_jpg,color
5_05_2_com_cr_org_res_nfit,https://www.instagram.com/p/CCc3QbTpRns/?igshid=1raz6hrfi0tmd,5,jpg,resized,islab_compressed_jpg,color
5_05_3_com_cr_org_res_nfit,https://www.instagram.com/p/CCc3QbTpRns/?igshid=1raz6hrfi0tmd,5,jpg,resized,islab_compressed_jpg,color
5_05_4_com_cr_org_res_nfit,https://www.instagram.com/p/CCc3QbTpRns/?igshid=1raz6hrfi0tmd,5,jpg,resized,islab_compressed_jpg,color
5_05_5_com_cr_org_res_nfit,https://www.instagram.com/p/CCc3QbTpRns/?igshid=1raz6hrfi0tmd,5,jpg,resized,islab_compressed_jpg,color
5_06_1_com_cr_org_res_nfit,https://www.instagram.com/p/CCc3VTgpuNJ/?igshid=1p9606ilalc7m,5,jpg,resized,islab_compressed_jpg,color
5_06_2_com_cr_org_res_nfit,https://www.instagram.com/p/CCc3VTgpuNJ/?igshid=1p9606ilalc7m,5,jpg,resized,islab_compressed_jpg,color
5_06_3_com_cr_org_res_nfit,https://www.instagram.com/p/CCc3VTgpuNJ/?igshid=1p9606ilalc7m,5,jpg,resized,islab_compressed_jpg,color
5_06_4_com_cr_org_res_nfit,https://www.instagram.com/p/CCc3VTgpuNJ/?igshid=1p9606ilalc7m,5,jpg,resized,islab_compressed_jpg,color
5_06_5_com_cr_org_res_nfit,https://www.instagram.com/p/CCc3VTgpuNJ/?igshid=1p9606ilalc7m,5,jpg,resized,islab_compressed_jpg,color
5_07_1_com_cr_org_res_nfit,https://www.instagram.com/p/CCc3Y9fpjH5/?igshid=pnxwa6uhdvfb,5,jpg,resized,islab_compressed_jpg,color
5_07_2_com_cr_org_res_nfit,https://www.instagram.com/p/CCc3Y9fpjH5/?igshid=pnxwa6uhdvfb,5,jpg,resized,islab_compressed_jpg,color
5_07_3_com_cr_org_res_nfit,https://www.instagram.com/p/CCc3Y9fpjH5/?igshid=pnxwa6uhdvfb,5,jpg,resized,islab_compressed_jpg,color
5_07_4_com_cr_org_res_nfit,https://www.instagram.com/p/CCc3Y9fpjH5/?igshid=pnxwa6uhdvfb,5,jpg,resized,islab_compressed_jpg,color
5_07_5_com_cr_org_res_nfit,https://www.instagram.com/p/CCc3Y9fpjH5/?igshid=pnxwa6uhdvfb,5,jpg,resized,islab_compressed_jpg,color
5_08_1_com_cr_org_res_nfit,https://www.instagram.com/p/CCc3dpoJxst/?igshid=m11ly422trty,5,jpg,resized,islab_compressed_jpg,color
5_08_2_com_cr_org_res_nfit,https://www.instagram.com/p/CCc3dpoJxst/?igshid=m11ly422trty,5,jpg,resized,islab_compressed_jpg,color
5_08_3_com_cr_org_res_nfit,https://www.instagram.com/p/CCc3dpoJxst/?igshid=m11ly422trty,5,jpg,resized,islab_compressed_jpg,color
5_08_4_com_cr_org_res_nfit,https://www.instagram.com/p/CCc3dpoJxst/?igshid=m11ly422trty,5,jpg,resized,islab_compressed_jpg,color
5_08_5_com_cr_org_res_nfit,https://www.instagram.com/p/CCc3dpoJxst/?igshid=m11ly422trty,5,jpg,resized,islab_compressed_jpg,color
5_09_1_com_cr_org_res_nfit,https://www.instagram.com/p/CCc3jKnpBZG/?igshid=7s7epkdzekgt,5,jpg,resized,islab_compressed_jpg,color
5_09_2_com_cr_org_res_nfit,https://www.instagram.com/p/CCc3jKnpBZG/?igshid=7s7epkdzekgt,5,jpg,resized,islab_compressed_jpg,color
5_09_3_com_cr_org_res_nfit,https://www.instagram.com/p/CCc3jKnpBZG/?igshid=7s7epkdzekgt,5,jpg,resized,islab_compressed_jpg,color
5_09_4_com_cr_org_res_nfit,https://www.instagram.com/p/CCc3jKnpBZG/?igshid=7s7epkdzekgt,5,jpg,resized,islab_compressed_jpg,color
5_09_5_com_cr_org_res_nfit,https://www.instagram.com/p/CCc3jKnpBZG/?igshid=7s7epkdzekgt,5,jpg,resized,islab_compressed_jpg,color
5_10_1_com_cr_org_res_nfit,https://www.instagram.com/p/CCc3ooppnHi/?igshid=19t6yrrh7h2es,5,jpg,resized,islab_compressed_jpg,color
5_10_2_com_cr_org_res_nfit,https://www.instagram.com/p/CCc3ooppnHi/?igshid=19t6yrrh7h2es,5,jpg,resized,islab_compressed_jpg,color
5_10_3_com_cr_org_res_nfit,https://www.instagram.com/p/CCc3ooppnHi/?igshid=19t6yrrh7h2es,5,jpg,resized,islab_compressed_jpg,color
5_10_4_com_cr_org_res_nfit,https://www.instagram.com/p/CCc3ooppnHi/?igshid=19t6yrrh7h2es,5,jpg,resized,islab_compressed_jpg,color
5_10_5_com_cr_org_res_nfit,https://www.instagram.com/p/CCc3ooppnHi/?igshid=19t6yrrh7h2es,5,jpg,resized,islab_compressed_jpg,color
5_01_1_com_cr_ins_res_nfit,https://www.instagram.com/p/CCc21kIJpQR/?igshid=1rnq6hlvtl9j5,5,jpg,resized,islab_compressed_jpg,color
5_01_2_com_cr_ins_res_nfit,https://www.instagram.com/p/CCc21kIJpQR/?igshid=1rnq6hlvtl9j5,5,jpg,resized,islab_compressed_jpg,color
5_01_3_com_cr_ins_res_nfit,https://www.instagram.com/p/CCc21kIJpQR/?igshid=1rnq6hlvtl9j5,5,jpg,resized,islab_compressed_jpg,color
5_01_4_com_cr_ins_res_nfit,https://www.instagram.com/p/CCc21kIJpQR/?igshid=1rnq6hlvtl9j5,5,jpg,resized,islab_compressed_jpg,color
5_01_5_com_cr_ins_res_nfit,https://www.instagram.com/p/CCc21kIJpQR/?igshid=1rnq6hlvtl9j5,5,jpg,resized,islab_compressed_jpg,color
5_02_1_com_cr_ins_res_nfit,https://www.instagram.com/p/CCc3Cqlpp2f/?igshid=1g22vna5n9amm,5,jpg,resized,islab_compressed_jpg,color
5_02_2_com_cr_ins_res_nfit,https://www.instagram.com/p/CCc3Cqlpp2f/?igshid=1g22vna5n9amm,5,jpg,resized,islab_compressed_jpg,color
5_02_3_com_cr_ins_res_nfit,https://www.instagram.com/p/CCc3Cqlpp2f/?igshid=1g22vna5n9amm,5,jpg,resized,islab_compressed_jpg,color
5_02_4_com_cr_ins_res_nfit,https://www.instagram.com/p/CCc3Cqlpp2f/?igshid=1g22vna5n9amm,5,jpg,resized,islab_compressed_jpg,color
5_02_5_com_cr_ins_res_nfit,https://www.instagram.com/p/CCc3Cqlpp2f/?igshid=1g22vna5n9amm,5,jpg,resized,islab_compressed_jpg,color
5_03_1_com_cr_ins_res_nfit,https://www.instagram.com/p/CCc3G5WpSxT/?igshid=2noz2zs75yuq,5,jpg,resized,islab_compressed_jpg,color
5_03_2_com_cr_ins_res_nfit,https://www.instagram.com/p/CCc3G5WpSxT/?igshid=2noz2zs75yuq,5,jpg,resized,islab_compressed_jpg,color
5_03_3_com_cr_ins_res_nfit,https://www.instagram.com/p/CCc3G5WpSxT/?igshid=2noz2zs75yuq,5,jpg,resized,islab_compressed_jpg,color
5_03_4_com_cr_ins_res_nfit,https://www.instagram.com/p/CCc3G5WpSxT/?igshid=2noz2zs75yuq,5,jpg,resized,islab_compressed_jpg,color
5_03_5_com_cr_ins_res_nfit,https://www.instagram.com/p/CCc3G5WpSxT/?igshid=2noz2zs75yuq,5,jpg,resized,islab_compressed_jpg,color
5_04_1_com_cr_ins_res_nfit,https://www.instagram.com/p/CCc3M6MpVsU/?igshid=te84zpnjwjq9,5,jpg,resized,islab_compressed_jpg,color
5_04_2_com_cr_ins_res_nfit,https://www.instagram.com/p/CCc3M6MpVsU/?igshid=te84zpnjwjq9,5,jpg,resized,islab_compressed_jpg,color
5_04_3_com_cr_ins_res_nfit,https://www.instagram.com/p/CCc3M6MpVsU/?igshid=te84zpnjwjq9,5,jpg,resized,islab_compressed_jpg,color
5_04_4_com_cr_ins_res_nfit,https://www.instagram.com/p/CCc3M6MpVsU/?igshid=te84zpnjwjq9,5,jpg,resized,islab_compressed_jpg,color
5_04_5_com_cr_ins_res_nfit,https://www.instagram.com/p/CCc3M6MpVsU/?igshid=te84zpnjwjq9,5,jpg,resized,islab_compressed_jpg,color
5_05_1_com_cr_ins_res_nfit,https://www.instagram.com/p/CCc3QbTpRns/?igshid=1raz6hrfi0tmd,5,jpg,resized,islab_compressed_jpg,color
5_05_2_com_cr_ins_res_nfit,https://www.instagram.com/p/CCc3QbTpRns/?igshid=1raz6hrfi0tmd,5,jpg,resized,islab_compressed_jpg,color
5_05_3_com_cr_ins_res_nfit,https://www.instagram.com/p/CCc3QbTpRns/?igshid=1raz6hrfi0tmd,5,jpg,resized,islab_compressed_jpg,color
5_05_4_com_cr_ins_res_nfit,https://www.instagram.com/p/CCc3QbTpRns/?igshid=1raz6hrfi0tmd,5,jpg,resized,islab_compressed_jpg,color
5_05_5_com_cr_ins_res_nfit,https://www.instagram.com/p/CCc3QbTpRns/?igshid=1raz6hrfi0tmd,5,jpg,resized,islab_compressed_jpg,color
5_06_1_com_cr_ins_res_nfit,https://www.instagram.com/p/CCc3VTgpuNJ/?igshid=1p9606ilalc7m,5,jpg,resized,islab_compressed_jpg,color
5_06_2_com_cr_ins_res_nfit,https://www.instagram.com/p/CCc3VTgpuNJ/?igshid=1p9606ilalc7m,5,jpg,resized,islab_compressed_jpg,color
5_06_3_com_cr_ins_res_nfit,https://www.instagram.com/p/CCc3VTgpuNJ/?igshid=1p9606ilalc7m,5,jpg,resized,islab_compressed_jpg,color
5_06_4_com_cr_ins_res_nfit,https://www.instagram.com/p/CCc3VTgpuNJ/?igshid=1p9606ilalc7m,5,jpg,resized,islab_compressed_jpg,color
5_06_5_com_cr_ins_res_nfit,https://www.instagram.com/p/CCc3VTgpuNJ/?igshid=1p9606ilalc7m,5,jpg,resized,islab_compressed_jpg,color
5_07_1_com_cr_ins_res_nfit,https://www.instagram.com/p/CCc3Y9fpjH5/?igshid=pnxwa6uhdvfb,5,jpg,resized,islab_compressed_jpg,color
5_07_2_com_cr_ins_res_nfit,https://www.instagram.com/p/CCc3Y9fpjH5/?igshid=pnxwa6uhdvfb,5,jpg,resized,islab_compressed_jpg,color
5_07_3_com_cr_ins_res_nfit,https://www.instagram.com/p/CCc3Y9fpjH5/?igshid=pnxwa6uhdvfb,5,jpg,resized,islab_compressed_jpg,color
5_07_4_com_cr_ins_res_nfit,https://www.instagram.com/p/CCc3Y9fpjH5/?igshid=pnxwa6uhdvfb,5,jpg,resized,islab_compressed_jpg,color
5_07_5_com_cr_ins_res_nfit,https://www.instagram.com/p/CCc3Y9fpjH5/?igshid=pnxwa6uhdvfb,5,jpg,resized,islab_compressed_jpg,color
5_08_1_com_cr_ins_res_nfit,https://www.instagram.com/p/CCc3dpoJxst/?igshid=m11ly422trty,5,jpg,resized,islab_compressed_jpg,color
5_08_2_com_cr_ins_res_nfit,https://www.instagram.com/p/CCc3dpoJxst/?igshid=m11ly422trty,5,jpg,resized,islab_compressed_jpg,color
5_08_3_com_cr_ins_res_nfit,https://www.instagram.com/p/CCc3dpoJxst/?igshid=m11ly422trty,5,jpg,resized,islab_compressed_jpg,color
5_08_4_com_cr_ins_res_nfit,https://www.instagram.com/p/CCc3dpoJxst/?igshid=m11ly422trty,5,jpg,resized,islab_compressed_jpg,color
5_08_5_com_cr_ins_res_nfit,https://www.instagram.com/p/CCc3dpoJxst/?igshid=m11ly422trty,5,jpg,resized,islab_compressed_jpg,color
5_09_1_com_cr_ins_res_nfit,https://www.instagram.com/p/CCc3jKnpBZG/?igshid=7s7epkdzekgt,5,jpg,resized,islab_compressed_jpg,color
5_09_2_com_cr_ins_res_nfit,https://www.instagram.com/p/CCc3jKnpBZG/?igshid=7s7epkdzekgt,5,jpg,resized,islab_compressed_jpg,color
5_09_3_com_cr_ins_res_nfit,https://www.instagram.com/p/CCc3jKnpBZG/?igshid=7s7epkdzekgt,5,jpg,resized,islab_compressed_jpg,color
5_09_4_com_cr_ins_res_nfit,https://www.instagram.com/p/CCc3jKnpBZG/?igshid=7s7epkdzekgt,5,jpg,resized,islab_compressed_jpg,color
5_09_5_com_cr_ins_res_nfit,https://www.instagram.com/p/CCc3jKnpBZG/?igshid=7s7epkdzekgt,5,jpg,resized,islab_compressed_jpg,color
5_10_1_com_cr_ins_res_nfit,https://www.instagram.com/p/CCc3ooppnHi/?igshid=19t6yrrh7h2es,5,jpg,resized,islab_compressed_jpg,color
5_10_2_com_cr_ins_res_nfit,https://www.instagram.com/p/CCc3ooppnHi/?igshid=19t6yrrh7h2es,5,jpg,resized,islab_compressed_jpg,color
5_10_3_com_cr_ins_res_nfit,https://www.instagram.com/p/CCc3ooppnHi/?igshid=19t6yrrh7h2es,5,jpg,resized,islab_compressed_jpg,color
5_10_4_com_cr_ins_res_nfit,https://www.instagram.com/p/CCc3ooppnHi/?igshid=19t6yrrh7h2es,5,jpg,resized,islab_compressed_jpg,color
5_10_5_com_cr_ins_res_nfit,https://www.instagram.com/p/CCc3ooppnHi/?igshid=19t6yrrh7h2es,5,jpg,resized,islab_compressed_jpg,color
